Date,0
2023-01-03,100049.4253753662
2023-01-04,99999.7678753662
2023-01-05,99999.7678753662
2023-01-06,99999.7678753662
2023-01-09,99951.29051501464
2023-01-10,99951.29051501464
2023-01-11,99951.29051501464
2023-01-12,99998.6764378662
2023-01-13,100046.20907751464
2023-01-16,100094.38987731932
2023-01-17,100094.38987731932
2023-01-18,100046.23035583495
2023-01-19,100094.19675524901
2023-01-20,100094.19675524901
2023-01-23,100046.85667712401
2023-01-24,99999.56747790526
2023-01-25,99999.56747790526
2023-01-27,100049.12766278075
2023-01-30,100098.48172369384
2023-01-31,100098.48172369384
2023-02-01,100050.64812213134
2023-02-02,100050.64812213134
2023-02-03,100099.98892254638
2023-02-06,100148.44164227294
2023-02-07,100099.18860321044
2023-02-08,100148.63980340575
2023-02-09,100196.77285241698
2023-02-10,100245.40630395507
2023-02-13,100196.9827791748
2023-02-14,100244.90042932128
2023-02-15,100196.281904541
2023-02-16,100147.34635461424
2023-02-17,100195.57847924803
2023-02-20,100195.57847924803
2023-02-21,100195.57847924803
2023-02-22,100148.01160607908
2023-02-23,100098.01960412595
2023-02-24,100050.90677941892
2023-02-27,100001.04917980955
2023-02-28,99951.11958020017
2023-03-01,100000.17094055173
2023-03-02,99950.68317883299
2023-03-03,99950.68317883299
2023-03-06,99901.4543790283
2023-03-08,99901.4543790283
2023-03-09,99853.22397863769
2023-03-10,99853.22397863769
2023-03-13,99900.34622082519
2023-03-14,99900.34622082519
2023-03-15,99900.34622082519
2023-03-16,99851.44147290038
2023-03-17,99900.38489831542
2023-03-20,99900.38489831542
2023-03-21,99948.43327227782
2023-03-22,99997.52561578368
2023-03-23,100047.1137670288
2023-03-24,99997.56386578368
2023-03-27,99997.56386578368
2023-03-28,99997.56386578368
2023-03-29,100045.01503277587
2023-03-31,100045.01503277587
2023-04-03,100093.26579327392
2023-04-05,100143.01085522461
2023-04-06,100192.32598339843
2023-04-10,100192.32598339843
2023-04-11,100192.32598339843
2023-04-12,100142.59443719483
2023-04-13,100192.53278802491
2023-04-17,100192.53278802491
2023-04-18,100192.53278802491
2023-04-19,100145.0095878296
2023-04-20,100145.0095878296
2023-04-21,100097.57790911866
2023-04-24,100049.87070892335
2023-04-25,100097.69022747804
2023-04-26,100097.69022747804
2023-04-27,100146.4606268921
2023-04-28,100099.3487003174
2023-05-02,100099.3487003174
2023-05-03,100099.3487003174
2023-05-04,100149.0831817627
2023-05-05,100100.90828216553
2023-05-08,100149.04118286133
2023-05-09,100102.06124255371
2023-05-10,100151.7901399536
2023-05-11,100151.7901399536
2023-05-12,100201.74763995361
2023-05-15,100154.56630950928
2023-05-16,100201.69618927002
2023-05-17,100201.69618927002
2023-05-18,100249.22261749268
2023-05-19,100201.50291766357
2023-05-22,100153.86231903076
2023-05-23,100201.61120916747
2023-05-24,100249.15780084228
2023-05-25,100296.77012005614
2023-05-26,100344.83897821044
2023-05-29,100296.14725677489
2023-05-30,100344.88139605711
2023-05-31,100295.72291680907
2023-06-01,100246.41673516844
2023-06-02,100196.73780438231
2023-06-05,100147.11480438232
2023-06-06,100196.39977410888
2023-06-07,100196.39977410888
2023-06-08,100146.72917462158
2023-06-09,100195.98061578369
2023-06-12,100245.43029656982
2023-06-13,100295.22605694579
2023-06-14,100295.22605694579
2023-06-15,100245.42112701415
2023-06-16,100198.70471691893
2023-06-19,100245.69627252196
2023-06-20,100245.69627252196
2023-06-21,100245.69627252196
2023-06-22,100245.69627252196
2023-06-23,100245.69627252196
2023-06-26,100196.62781231689
2023-06-27,100196.62781231689
2023-06-28,100246.1146618042
2023-06-30,100295.9336618042
2023-07-03,100342.61250170898
2023-07-04,100392.59100170898
2023-07-05,100440.23952124022
2023-07-06,100393.31964282224
2023-07-07,100346.89284252927
2023-07-10,100346.89284252927
2023-07-11,100396.33528851316
2023-07-12,100396.33528851316
2023-07-13,100347.63780902098
2023-07-14,100298.91783740232
2023-07-17,100298.91783740232
2023-07-18,100249.90783740232
2023-07-19,100298.51698291014
2023-07-20,100347.8181816406
2023-07-21,100298.26458819577
2023-07-24,100347.7072920532
2023-07-25,100347.7072920532
2023-07-26,100397.47564733884
2023-07-27,100397.47564733884
2023-07-28,100349.49888629148
2023-07-31,100349.49888629148
2023-08-01,100301.93142926022
2023-08-02,100301.93142926022
2023-08-03,100255.10542926022
2023-08-04,100208.4338026733
2023-08-07,100208.4338026733
2023-08-08,100258.53441339107
2023-08-09,100258.53441339107
2023-08-10,100308.40836407467
2023-08-11,100308.40836407467
2023-08-14,100308.40836407467
2023-08-16,100308.40836407467
2023-08-17,100308.40836407467
2023-08-18,100308.40836407467
2023-08-21,100356.11448260494
2023-08-22,100405.83863140865
2023-08-23,100355.99373175045
2023-08-24,100309.32893127437
2023-08-25,100359.224861206
2023-08-28,100312.03245623775
2023-08-29,100264.74768652339
2023-08-30,100264.74768652339
2023-08-31,100264.74768652339
2023-09-01,100311.53826025386
2023-09-04,100311.53826025386
2023-09-05,100359.02283911128
2023-09-06,100406.67427563471
2023-09-07,100406.67427563471
2023-09-08,100454.81860607905
2023-09-11,100406.45217114252
2023-09-12,100358.10907257075
2023-09-13,100406.59907257075
2023-09-14,100357.83984069819
2023-09-15,100406.69338684077
2023-09-18,100455.51371807855
2023-09-20,100504.31344244379
2023-09-21,100455.1552421264
2023-09-22,100504.07216326898
2023-09-25,100553.4700836181
2023-09-26,100506.14280432122
2023-09-27,100506.14280432122
2023-09-28,100459.17960607904
2023-09-29,100505.74674792474
2023-10-03,100552.57914880365
2023-10-04,100552.57914880365
2023-10-05,100552.57914880365
2023-10-06,100599.78468859856
2023-10-09,100599.78468859856
2023-10-10,100648.25508874505
2023-10-11,100599.27948962395
2023-10-12,100599.27948962395
2023-10-13,100647.42559094231
2023-10-16,100647.42559094231
2023-10-17,100696.0092110595
2023-10-18,100647.58747082512
2023-10-19,100600.24614953606
2023-10-20,100600.24614953606
2023-10-23,100647.17796936027
2023-10-25,100600.23630871574
2023-10-26,100600.23630871574
2023-10-27,100600.23630871574
2023-10-30,100600.23630871574
2023-10-31,100600.23630871574
2023-11-01,100551.20134893792
2023-11-02,100600.26510406486
2023-11-03,100600.26510406486
2023-11-06,100648.94425231926
2023-11-07,100648.94425231926
2023-11-08,100648.94425231926
2023-11-09,100648.94425231926
2023-11-10,100697.00304254142
2023-11-13,100697.00304254142
2023-11-15,100648.4766427001
2023-11-16,100697.58836413565
2023-11-17,100650.59082983389
2023-11-20,100700.86055822745
2023-11-21,100651.00109802237
2023-11-22,100700.74463952628
2023-11-23,100650.64234973135
2023-11-24,100650.64234973135
2023-11-28,100700.03546997061
2023-11-29,100649.9503281249
2023-11-30,100599.94995788565
2023-12-01,100650.1790876464
2023-12-04,100698.06829229728
2023-12-05,100698.06829229728
2023-12-06,100746.2592272338
2023-12-07,100698.10209197989
2023-12-08,100698.10209197989
2023-12-11,100650.32826232901
2023-12-12,100697.75570751945
2023-12-13,100697.75570751945
2023-12-14,100745.77770593253
2023-12-15,100745.77770593253
2023-12-18,100794.9487753295
2023-12-19,100794.9487753295
2023-12-20,100745.08519567862
2023-12-21,100696.50699261465
2023-12-22,100696.50699261465
2023-12-26,100696.50699261465
2023-12-27,100743.69471697988
2023-12-28,100743.69471697988
2023-12-29,100790.81744055166
2024-01-01,100790.81744055166
2024-01-02,100838.50657739249
2024-01-03,100789.89983764639
2024-01-04,100839.19278283682
2024-01-05,100792.57434289542
2024-01-08,100842.625514038
2024-01-09,100842.625514038
2024-01-10,100842.625514038
2024-01-11,100892.64333935537
2024-01-12,100842.51241229239
2024-01-15,100842.51241229239
2024-01-16,100891.41704675283
2024-01-17,100939.13107830801
2024-01-18,100891.47827941885
2024-01-19,100843.48520489493
2024-01-23,100843.48520489493
2024-01-24,100843.48520489493
2024-01-25,100893.02238739004
2024-01-29,100942.7466071166
2024-01-30,100942.7466071166
2024-01-31,100990.7435067748
2024-02-01,100990.7435067748
2024-02-02,101038.23423687734
2024-02-05,101038.23423687734
2024-02-06,101038.23423687734
2024-02-07,101088.2877354125
2024-02-08,101088.2877354125
2024-02-09,101137.93893566883
2024-02-12,101137.93893566883
2024-02-13,101088.25841107167
2024-02-14,101137.61613720692
2024-02-15,101087.61213940418
2024-02-16,101087.61213940418
2024-02-19,101137.5658903197
2024-02-20,101184.80343011463
2024-02-21,101184.80343011463
2024-02-22,101184.80343011463
2024-02-23,101134.52965295398
2024-02-26,101084.22505273425
2024-02-27,101084.22505273425
2024-02-28,101084.22505273425
2024-02-29,101035.2999260863
2024-03-01,101084.39725061023
2024-03-04,101034.82735192859
2024-03-05,100985.1852272948
2024-03-06,100985.1852272948
2024-03-07,101033.04737725818
2024-03-11,101033.04737725818
2024-03-12,101081.30687707507
2024-03-13,101129.81672601306
2024-03-14,101129.81672601306
2024-03-15,101177.88790093981
2024-03-18,101177.88790093981
2024-03-19,101226.85899896227
2024-03-20,101276.67729852282
2024-03-21,101327.17104852281
2024-03-22,101377.63029779038
2024-03-26,101425.07517840562
2024-03-27,101473.97542926011
2024-03-28,101523.40173114
2024-04-01,101475.79124652085
2024-04-02,101475.79124652085
2024-04-03,101526.33824737534
2024-04-04,101526.33824737534
2024-04-05,101479.18887396225
2024-04-08,101479.18887396225
2024-04-09,101479.18887396225
2024-04-10,101479.18887396225
2024-04-12,101428.48927191147
2024-04-15,101378.32314129623
2024-04-16,101378.32314129623
2024-04-18,101426.9644613646
2024-04-19,101475.02541204818
2024-04-22,101525.67244061263
2024-04-23,101477.9836290892
2024-04-24,101525.457158264
2024-04-25,101477.59187316879
2024-04-26,101477.59187316879
2024-04-29,101477.59187316879
2024-04-30,101525.57869323714
2024-05-02,101476.79947521957
2024-05-03,101524.574411743
2024-05-06,101524.574411743
2024-05-07,101476.09983215315
2024-05-08,101476.09983215315
2024-05-09,101428.36816259749
2024-05-10,101378.20486120589
2024-05-13,101428.48006292708
2024-05-14,101377.96861303694
2024-05-15,101327.65223730452
2024-05-16,101378.03521032697
2024-05-17,101330.61153906232
2024-05-21,101381.01746435529
2024-05-22,101381.01746435529
2024-05-23,101428.40459582502
2024-05-24,101476.31742541486
2024-05-27,101524.49422729474
2024-05-28,101475.8872056883
2024-05-29,101427.61786657697
2024-05-30,101427.61786657697
2024-05-31,101477.91234106428
2024-06-03,101429.08902014143
2024-06-04,101429.08902014143
2024-06-05,101479.42939642316
2024-06-06,101527.8364266966
2024-06-07,101577.06833673078
2024-06-10,101577.06833673078
2024-06-11,101626.8939855345
2024-06-12,101677.09518536359
2024-06-13,101724.44508361799
2024-06-14,101771.99011199933
2024-06-18,101820.02251184064
2024-06-19,101820.02251184064
2024-06-20,101769.24304125959
2024-06-21,101769.24304125959
2024-06-24,101769.24304125959
2024-06-25,101719.41508276349
2024-06-26,101769.10388293439
2024-06-27,101819.35583276348
2024-06-28,101768.98250231915
2024-07-01,101818.67648156719
2024-07-02,101818.67648156719
2024-07-03,101869.22166064434
2024-07-04,101821.61579156475
2024-07-05,101821.61579156475
2024-07-08,101821.61579156475
2024-07-09,101771.70593255595
2024-07-10,101821.32249139385
2024-07-11,101821.32249139385
2024-07-12,101772.12278118877
2024-07-15,101821.4450614622
2024-07-16,101821.4450614622
2024-07-18,101870.89348272685
2024-07-19,101870.89348272685
2024-07-22,101870.89348272685
2024-07-23,101870.89348272685
2024-07-24,101870.89348272685
2024-07-25,101920.26395758036
2024-07-26,101970.49865728739
2024-07-29,101922.53388653544
2024-07-30,101970.34598602274
2024-07-31,101922.39493499736
2024-08-01,101874.48763311747
2024-08-02,101823.90913275126
2024-08-05,101823.90913275126
2024-08-06,101873.78023077371
2024-08-07,101824.00198095682
2024-08-08,101873.80723150613
2024-08-09,101873.80723150613
2024-08-12,101824.00048315407
2024-08-13,101824.00048315407
2024-08-14,101824.00048315407
2024-08-16,101872.87648352027
2024-08-19,101872.87648352027
2024-08-20,101922.82520727516
2024-08-21,101922.82520727516
2024-08-22,101872.12175756814
2024-08-23,101872.12175756814
2024-08-26,101858.53240209939
2024-08-27,101906.0689842527
2024-08-28,101857.73629565407
2024-08-29,101906.05064770486
2024-08-30,101955.93502575663
2024-09-02,102003.40322766092
2024-09-03,102003.40322766092
2024-09-04,102050.89047253397
2024-09-05,102050.89047253397
2024-09-06,102101.86643188455
2024-09-09,102054.07914520243
2024-09-10,102054.07914520243
2024-09-11,102105.07687530496
2024-09-12,102105.07687530496
2024-09-13,102153.54724676492
2024-09-16,102153.54724676492
2024-09-17,102201.70639660623
2024-09-18,102249.94302514626
2024-09-19,102199.67332482888
2024-09-20,102199.67332482888
2024-09-23,102199.67332482888
2024-09-24,102199.67332482888
2024-09-25,102248.87123925758
2024-09-26,102298.7157743528
2024-09-27,102298.7157743528
2024-09-30,102349.19347308326
2024-10-01,102399.17632916236
2024-10-03,102448.85407482887
2024-10-04,102448.85407482887
2024-10-07,102499.71852551246
2024-10-08,102448.67739660622
2024-10-09,102499.37888452125
2024-10-10,102451.51197442604
2024-10-11,102451.51197442604
2024-10-14,102400.31754278541
2024-10-15,102400.31754278541
2024-10-16,102400.31754278541
2024-10-17,102400.31754278541
2024-10-18,102351.88762322975
2024-10-21,102303.35914141823
2024-10-22,102303.35914141823
2024-10-23,102353.18629229713
2024-10-24,102303.40180181862
2024-10-25,102303.40180181862
2024-10-28,102352.075111511
2024-10-29,102400.67680963111
2024-10-30,102400.67680963111
2024-10-31,102351.90997833229
2024-11-01,102351.90997833229
2024-11-04,102351.90997833229
2024-11-05,102400.1359186399
2024-11-06,102351.16678887917
2024-11-07,102301.93886932351
2024-11-08,102253.37083819558
2024-11-11,102205.19606744363
2024-11-12,102205.19606744363
2024-11-13,102155.10079248025
2024-11-14,102105.54506890848
2024-11-18,102055.63339471414
2024-11-19,102006.02276971414
2024-11-21,102006.02276971414
2024-11-22,102054.79227044656
2024-11-25,102006.89008099344
2024-11-26,102006.89008099344
2024-11-27,102056.96210613992
2024-11-28,102056.96210613992
2024-11-29,102106.20148297098
2024-12-02,102155.81195874003
2024-12-03,102155.81195874003
2024-12-04,102206.21248242167
2024-12-05,102257.05880749492
2024-12-06,102208.64092944317
2024-12-09,102256.81052026348
2024-12-10,102305.1400592039
2024-12-11,102354.02007824686
2024-12-12,102354.02007824686
2024-12-13,102403.81584033182
2024-12-16,102353.20492858866
2024-12-17,102403.73358862284
2024-12-18,102353.48422705058
2024-12-19,102402.29998742655
2024-12-20,102450.88467944316
2024-12-23,102499.4707010496
2024-12-24,102451.12736975077
2024-12-26,102403.15217163066
2024-12-27,102451.1612512205
2024-12-30,102499.66607128886
2024-12-31,102499.66607128886
2025-01-01,102547.54607043436
2025-01-02,102596.6048005369
2025-01-03,102547.97472680642
2025-01-06,102596.90770196512
2025-01-07,102548.73243225076
2025-01-08,102548.73243225076
2025-01-09,102548.73243225076
2025-01-10,102599.84174194315
2025-01-13,102599.84174194315
2025-01-14,102650.62128173807
2025-01-15,102650.62128173807
2025-01-16,102701.36400146464
2025-01-17,102752.0439296873
2025-01-20,102802.49874108865
2025-01-21,102802.49874108865
2025-01-22,102850.47186254861
2025-01-23,102898.3962316282
2025-01-24,102849.75640551736
2025-01-27,102897.94376592996
2025-01-28,102946.25761608865
2025-01-29,102996.50007940653
2025-01-30,103047.80854431131
2025-01-31,103047.80854431131
2025-02-01,103099.27508966043
2025-02-03,103147.19894781473
2025-02-04,103147.19894781473
2025-02-05,103198.42334796122
2025-02-06,103249.80068731669
2025-02-07,103249.80068731669
2025-02-10,103249.80068731669
2025-02-11,103199.68508599832
2025-02-12,103248.84188775613
2025-02-13,103298.33498907449
2025-02-14,103298.33498907449
2025-02-17,103347.86481036355
2025-02-18,103347.86481036355
2025-02-19,103398.7628689573
2025-02-20,103449.05277056863
2025-02-21,103398.76083062722
2025-02-24,103448.88759039284
2025-02-25,103499.12283062721
2025-02-27,103550.60475103736
2025-02-28,103550.60475103736
2025-03-03,103602.01268951393
2025-03-04,103653.40112799048
2025-03-05,103602.54434796119
2025-03-06,103552.01954766821
2025-03-07,103501.33904840064
2025-03-10,103552.0898096311
2025-03-11,103501.8855896604
2025-03-12,103552.12868878148
2025-03-13,103500.82634869359
2025-03-17,103551.42194781468
2025-03-18,103551.42194781468
2025-03-19,103599.27194781469
2025-03-20,103551.06840765355
2025-03-21,103501.09909289525
2025-03-24,103501.09909289525
2025-03-25,103551.49339276097
2025-03-26,103551.49339276097
2025-03-27,103600.53353649875
2025-03-28,103600.53353649875
2025-04-01,103649.02637786839
2025-04-02,103649.02637786839
2025-04-03,103696.76401257298
2025-04-04,103744.70729101537
2025-04-07,103795.00313110325
2025-04-08,103842.90081567357
2025-04-09,103842.90081567357
2025-04-11,103891.6772910764
2025-04-15,103840.59296209691
2025-04-16,103840.59296209691
2025-04-17,103890.54121209691
2025-04-21,103941.23801196263
2025-04-22,103992.55136169407
2025-04-23,103941.32106115697
2025-04-24,103893.02256140111
2025-04-25,103893.02256140111
2025-04-28,103893.02256140111
2025-04-29,103893.02256140111
2025-04-30,103844.19796166966
2025-05-02,103896.04936108373
2025-05-05,103945.25951135228
2025-05-06,103896.06531256078
2025-05-07,103944.43671282934
2025-05-08,103894.76126202368
2025-05-09,103942.66571215795
2025-05-12,103991.52881323217
2025-05-13,104041.27576470922
2025-05-14,103991.33851470922
2025-05-15,104041.49411511204
2025-05-16,104092.23656390354
2025-05-19,104142.82281457493
2025-05-20,104142.82281457493
2025-05-21,104193.13791430637
2025-05-22,104193.13791430637
2025-05-23,104243.54376605197
2025-05-26,104220.88379290744
2025-05-27,104169.80364263889
2025-05-28,104118.79444250462
2025-05-29,104118.79444250462
2025-05-30,104068.22799237033
2025-06-02,104017.92224237033
2025-06-03,104017.92224237033
2025-06-04,103996.36240350314
2025-06-05,103996.36240350314
2025-06-06,104045.68915350313
2025-06-09,104093.99715399141
2025-06-10,104093.99715399141
2025-06-11,104046.33265386934
2025-06-12,104093.7436548459
2025-06-13,104144.26445471162
2025-06-16,104144.26445471162
2025-06-17,104144.26445471162
2025-06-18,104092.99345471163
2025-06-19,104042.25595471163
2025-06-20,104091.90445471162
2025-06-23,104141.58595471163
2025-06-24,104192.48845471162
2025-06-25,104243.21495471163
2025-06-26,104294.51895471163
2025-06-27,104246.76895471163
2025-06-30,104246.76895471163
2025-07-01,104298.29845471164
2025-07-02,104246.83165484591
2025-07-03,104246.83165484591
2025-07-04,104297.75395471163
2025-07-07,104297.75395471163
2025-07-08,104348.41115417452
2025-07-09,104399.4863543088
2025-07-10,104347.3793543088
2025-07-11,104399.11180511446
2025-07-14,104399.11180511446
2025-07-15,104449.88450524873
2025-07-16,104398.92590551729
2025-07-17,104398.92590551729
2025-07-18,104449.66615551729
2025-07-21,104501.57955712861
2025-07-22,104453.69305688447
2025-07-23,104501.61305688447
2025-07-24,104501.61305688447
2025-07-25,104551.64105822724
2025-07-28,104551.64105822724
2025-07-29,104600.15105755585
2025-07-30,104600.15105755585
2025-07-31,104648.3046572873
2025-08-01,104697.18700634736
2025-08-04,104745.5083560788
2025-08-05,104696.46980621308
2025-08-06,104745.43300567596
2025-08-07,104793.56790594452
2025-08-08,104841.96515594452
2025-08-11,104890.34370715302
2025-08-12,104938.76075769014
2025-08-13,104887.08695812958
2025-08-14,104835.30695812959
2025-08-18,104883.55790826386
2025-08-19,104883.55790826386
2025-08-20,104883.55790826386
2025-08-21,104932.57335839813
2025-08-22,104981.98865826386
2025-08-25,104932.24225933808
2025-08-26,104932.24225933808
2025-08-28,104980.41566027801
2025-08-29,105032.84425866668
2025-09-01,105081.31465759246
2025-09-02,105031.90320745819
2025-09-03,104982.65730718964
2025-09-04,105033.18910705537
2025-09-05,105033.18910705537
2025-09-08,105084.87095544404
2025-09-09,105032.79695544405
2025-09-10,105085.20810504122
2025-09-11,105036.58860491915
2025-09-12,105085.30410540743
2025-09-15,105135.59160540743
2025-09-16,105085.02310687228
2025-09-17,105085.02310687228
2025-09-18,105034.55860675022
2025-09-19,104984.81060687228
2025-09-22,105034.38210772678
2025-09-23,105084.55110797092
2025-09-24,105135.9241084592
2025-09-25,105187.08010821507
2025-09-26,105187.08010821507
2025-09-29,105137.285608093
2025-09-30,105186.95260821507
2025-10-01,105236.65610797092
2025-10-03,105285.62860797092
2025-10-06,105335.480608093
2025-10-07,105386.23460955784
2025-10-08,105437.04310870335
2025-10-09,105385.73360858129
2025-10-10,105436.77910723852
2025-10-13,105488.07660601781
2025-10-14,105488.07660601781
2025-10-15,105539.68410601781
2025-10-16,105587.87550579809
2025-10-17,105635.60025469946
2025-10-20,105586.74960491918
2025-10-21,105537.8004033811
2025-10-23,105586.9224033811
2025-10-24,105537.54750360083
2025-10-27,105488.35395623755
2025-10-28,105537.02820623755
2025-10-29,105488.52405645727
2025-10-30,105440.52795623755
2025-10-31,105488.064156677
2025-11-03,105540.19465594458
2025-11-04,105592.36465594458
2025-11-06,105644.46865618872
2025-11-07,105696.59665667701
2025-11-10,105744.97795623755
2025-11-11,105744.97795623755
2025-11-12,105744.97795623755
2025-11-13,105694.25695587133
2025-11-14,105744.66095733618
2025-11-17,105795.88395782447
2025-11-18,105795.88395782447
2025-11-19,105745.30995819067
2025-11-20,105796.17495819068
2025-11-21,105744.93095855688
2025-11-24,105744.93095855688
2025-11-25,105744.93095855688
2025-11-26,105794.36495941138
2025-11-27,105845.45995819068
2025-11-28,105845.45995819068
2025-12-01,105845.45995819068
2025-12-02,105896.41695831275
2025-12-03,105845.1459585569
2025-12-04,105896.1669589231
2025-12-05,105947.77496063209
2025-12-08,105947.77496063209
2025-12-09,105947.77496063209
2025-12-10,105896.85196075415
2025-12-11,105947.590962219
2025-12-12,105997.79496246313
2025-12-15,105997.79496246313
2025-12-16,105947.33496246312
2025-12-17,105997.47596221897
2025-12-18,105947.21196319554
2025-12-19,105997.51896392797
2025-12-22,105946.98896453832
2025-12-23,105896.20996429418
2025-12-24,105946.88296417211
2025-12-26,105946.88296417211
2025-12-29,105946.88296417211
2025-12-30,105897.03496490454
2025-12-31,105847.42996490454
2026-01-01,105847.42996490454
2026-01-02,105896.27496612525
2026-01-05,105945.5959671018
2026-01-06,105896.45446685767
2026-01-07,105847.66496734595
2026-01-08,105896.20396759009
2026-01-09,105944.83946624731
2026-01-12,105944.83946624731
2026-01-13,105892.35241571021
2026-01-14,105840.08206597876
2026-01-15,105840.08206597876
2026-01-16,105891.79306665015
2026-01-19,105944.35876678443
2026-01-20,105944.35876678443
2026-01-21,105995.75956665014
2026-01-22,105995.75956665014
2026-01-23,106047.75656530737
2026-01-27,106047.75656530737
2026-01-28,106098.33181597876
2026-01-29,106046.65436450171
2026-01-30,106097.89071289038
2026-02-02,106146.81706262182
2026-02-03,106199.86346289037
2026-02-04,106151.30446325657
2026-02-05,106151.30446325657
2026-02-06,106200.15696386692
2026-02-09,106200.15696386692
2026-02-10,106200.15696386692
2026-02-11,106151.65346411106
2026-02-12,106200.19946325658
2026-02-13,106250.31946325657
2026-02-16,106250.31946325657
2026-02-17,106250.31946325657
2026-02-18,106301.17046240208
2026-02-19,106301.17046240208
2026-02-20,106352.14046362278
2026-02-23,106404.04146093724
2026-02-24,106404.04146093724
2026-02-25,106352.45696081517
2026-02-26,106403.70046057102
2026-02-27,106353.00146032688
2026-03-02,106401.76946081517
2026-03-04,106401.76946081517
2026-03-05,106454.74216094943
2026-03-06,106454.74216094943
2026-03-09,106505.6050605466
2026-03-10,106505.6050605466
2026-03-11,106557.0993617551
2026-03-12,106557.0993617551
2026-03-13,106505.08116131564
2026-03-16,106556.32175970431
2026-03-17,106556.32175970431
2026-03-18,106609.14575823947
2026-03-19,106609.14575823947
2026-03-20,106609.14575823947
2026-03-23,106609.14575823947
2026-03-24,106659.3165578
2026-03-25,106711.47635736055
2026-03-27,106711.47635736055
2026-03-30,106711.47635736055
2026-04-01,106661.0775578
2026-04-02,106714.0168078
2026-04-06,106764.20200897187
2026-04-07,106815.54700897187
2026-04-08,106864.69885870331
2026-04-09,106814.59385870332
2026-04-10,106865.20210870332
2026-04-13,106914.65536004609
2026-04-15,106914.65536004609
2026-04-16,106965.35326031465
2026-04-17,106915.42040924043
2026-04-20,106965.53530950898
2026-04-21,107016.35970977753
2026-04-22,106964.47325964326
2026-04-23,106913.35956152315
2026-04-24,106862.53406152314
2026-04-27,106811.60241192597
2026-04-28,106760.6762623288
2026-04-29,106811.7223128659
2026-04-30,106863.92171313445
2026-05-01,106863.92171313445
2026-05-04,106915.51721179168
2026-05-05,106968.08511273163
2026-05-06,107021.46756219452
2026-05-07,107021.46756219452
2026-05-08,107021.46756219452
2026-05-11,107073.7280123288
2026-05-12,107022.44106219451
2026-05-13,107022.44106219451
2026-05-14,107072.29141394011
2026-05-15,107021.7904139401
2026-05-18,107071.4471639401
2026-05-19,107071.4471639401
2026-05-20,107121.60606420865
2026-05-21,107121.60606420865
2026-05-22,107171.89971313444
2026-05-25,107223.01011206022
2026-05-26,107170.87781152311
2026-05-27,107170.87781152311
2026-05-28,107170.87781152311
2026-05-29,107221.20831018033
2026-06-01,107221.20831018033
2026-06-02,107274.00831018033
2026-06-03,107274.00831018033
2026-06-04,107326.44231091275
2026-06-05,107379.01611120572
2026-06-08,107379.01611120572
2026-06-09,107325.70131091276
2026-06-10,107272.09551208463
2026-06-11,107219.12031164518
2026-06-12,107272.21371252408
2026-06-15,107324.46261279263
2026-06-16,107376.71261279263
2026-06-17,107323.98521386685
2026-06-18,107271.16321520963
2026-06-19,107323.77841467252
2026-06-22,107270.44271520963
2026-06-23,107323.8246148068
2026-06-24,107376.39581628385
2026-06-25,107326.1708156735
2026-06-26,107326.1708156735
2026-06-29,107379.81231500211
2026-06-30,107429.32731622281
2026-07-01,107479.67981744351
2026-07-02,107529.67981805386
2026-07-03,107529.67981805386
2026-07-06,107529.67981805386
2026-07-07,107581.0338170773
2026-07-08,107529.49481683316
2026-07-09,107579.80081658902
2026-07-10,107630.49981561246
2026-07-13,107681.39681573454
2026-07-14,107731.98981561247
2026-07-15,107782.58781426969
2026-07-16,107834.09481500211
2026-07-17,107886.55181634489
2026-07-20,107939.61081658903
2026-07-21,107886.11581658904
2026-07-22,107832.78081658903
2026-07-23,107779.97081414763
2026-07-24,107779.97081414763
2026-07-27,107831.59481134001
2026-07-28,107778.91081109586
2026-07-29,107831.83681085172
2026-07-30,107884.31181085172
2026-07-31,107933.88291107144
2026-08-03,107933.88291107144
2026-08-04,107933.88291107144
2026-08-05,107985.94341107145
